api_name,name_cs,desc_cs,name_en,desc_en,name_de,desc_de,name_pl,desc_pl,name_es,desc_es
ACH_WOODCUTTER,Dřevorubec,Nasbírej celkem 50 dřeva klikáním.,Woodcutter,Click-harvest 50 wood in total.,Holzhacker,Ernte insgesamt 50 Holz per Klick.,Rębacz,Zbierz kliknięciami łącznie 50 drewna.,Cortador de leña,Recoge 50 de madera a golpe de clic en total.
ACH_QUARRYMAN,Kameník,Nasbírej celkem 30 kamene klikáním.,Quarryman,Click-harvest 30 stone in total.,Steinbrecher,Ernte insgesamt 30 Stein per Klick.,Kamieniarz,Zbierz kliknięciami łącznie 30 kamienia.,Cantero,Recoge 30 de piedra a golpe de clic en total.
ACH_SETTLER,Osadník,Dosáhni 15 obyvatel.,Settler,Reach 15 population.,Siedler,Erreiche 15 Bevölkerung.,Osadnik,Osiągnij 15 ludności.,Colono,Alcanza 15 de población.
ACH_TOWNSFOLK,Měšťan,Dosáhni 25 obyvatel.,Townsfolk,Reach 25 population.,Städter,Erreiche 25 Bevölkerung.,Mieszczanie,Osiągnij 25 ludności.,Vecindario,Alcanza 25 de población.
ACH_BUILDER,Stavitel,Postav 10 budov.,Builder,Build 10 buildings.,Erbauer,Bau 10 Gebäude.,Budowniczy,Postaw 10 budynków.,Constructor,Levanta 10 edificios.
ACH_SAWYER,Pilař,Postav pilu.,Sawyer,Build a sawmill.,Säger,Bau ein Sägewerk.,Tracz,Zbuduj tartak.,Serrador,Construye un aserradero.
ACH_SCHOLAR,Učenec,Vyzkoumej mlynářství.,Scholar,Research milling.,Gelehrter,Erforsche das Mahlen.,Uczony,Zbadaj mielenie.,Erudito,Investiga la molienda.
ACH_VETERAN,Vytrvalec,Doraz do 3. herního dne.,Veteran,Reach game day 3.,Veteran,Erreiche Spieltag 3.,Weteran,Dojdź do 3. dnia gry.,Veterano,Llega al día 3 de juego.
ACH_CHRONICLER,Kronikář,Doveď civilizaci do 100. dne.,Chronicler,Reach day 100.,Chronist,Erreiche Tag 100.,Kronikarz,Dojdź do 100. dnia.,Cronista,Llega al día 100.
ACH_ASCENDANT,Vzestoupivší,Proveď první Vzestup.,Ascendant,Perform your first Ascension.,Aufgestiegen,Vollzieh deinen ersten Aufstieg.,Wzniesiony,Wykonaj pierwsze Wzniesienie.,Ascendido,Realiza tu primera Ascensión.
ACH_PRESTIGE_MASTER,Mistr Vzestupu,Vzestup podruhé.,Prestige Master,Ascend a second time.,Meister des Aufstiegs,Steig ein zweites Mal auf.,Mistrz prestiżu,Wznieś się po raz drugi.,Maestro del prestigio,Asciende por segunda vez.
ACH_BRONZE_AGE,Doba bronzová,Vyzkoumej zpracování bronzu.,Bronze Age,Research bronze working.,Bronzezeit,Erforsche die Bronzeverarbeitung.,Epoka brązu,Zbadaj obróbkę brązu.,Edad del Bronce,Investiga el trabajo del bronce.
ACH_IRON_AGE,Doba železná,Vyzkoumej zpracování železa.,Iron Age,Research iron working.,Eisenzeit,Erforsche die Eisenverarbeitung.,Epoka żelaza,Zbadaj obróbkę żelaza.,Edad del Hierro,Investiga el trabajo del hierro.
ACH_INDUSTRIAL_AGE,Průmyslová revoluce,Vyzkoumej parní stroj.,Industrial Revolution,Research steam power.,Industrielle Revolution,Erforsche die Dampfkraft.,Rewolucja przemysłowa,Zbadaj energię pary.,Revolución industrial,Investiga la energía de vapor.
ACH_INFORMATION_AGE,Informační věk,Vyzkoumej elektroniku.,Information Age,Research electronics.,Informationszeitalter,Erforsche die Elektronik.,Epoka informacji,Zbadaj elektronikę.,Era de la información,Investiga la electrónica.
ACH_FUTURE_AGE,Věk budoucnosti,Vyzkoumej jadernou fúzi.,The Future,Research nuclear fusion.,Die Zukunft,Erforsche die Kernfusion.,Przyszłość,Zbadaj fuzję jądrową.,El futuro,Investiga la fusión nuclear.
ACH_GARDENER,Zahradník,Zasaď pět stromů.,Gardener,Plant five trees.,Gärtner,Pflanze fünf Bäume.,Ogrodnik,Zasadź pięć drzew.,Jardinero,Planta cinco árboles.
ACH_FORESTER,Lesník,Zasaď padesát stromů.,Forester,Plant fifty trees.,Förster,Pflanze fünfzig Bäume.,Leśnik,Zasadź pięćdziesiąt drzew.,Guardabosques,Planta cincuenta árboles.
ACH_ARBORIST,Arborista,Zasaď dvě stě padesát stromů.,Arborist,Plant two hundred and fifty trees.,Baumpfleger,Pflanze zweihundertfünfzig Bäume.,Arborysta,Zasadź dwieście pięćdziesiąt drzew.,Arboricultor,Planta doscientos cincuenta árboles.
ACH_LUMBERJACK,Dřevorubec,Nasbírej 1000 dřeva vlastníma rukama.,Lumberjack,"Harvest 1,000 wood by hand.",Holzfäller,Ernte 1 000 Holz von Hand.,Drwal,Zbierz ręcznie 1000 drewna.,Leñador,Recoge 1000 de madera a mano.
ACH_STONECUTTER,Kameník,Nasbírej 500 kamene vlastníma rukama.,Stonecutter,Harvest 500 stone by hand.,Steinmetz,Ernte 500 Stein von Hand.,Kamieniarz z zawodu,Zbierz ręcznie 500 kamienia.,Picapedrero,Recoge 500 de piedra a mano.
ACH_CITY,Město,Dosáhni 250 obyvatel.,City,Reach 250 residents.,Stadt,Erreiche 250 Bewohner.,Miasto,Osiągnij 250 mieszkańców.,Ciudad,Alcanza 250 habitantes.
ACH_METROPOLIS,Velkoměsto,Dosáhni 5 000 obyvatel.,Metropolis,"Reach 5,000 residents.",Metropole,Erreiche 5 000 Bewohner.,Metropolia,Osiągnij 5000 mieszkańców.,Metrópolis,Alcanza 5000 habitantes.
ACH_MEGACITY,Megapole,Dosáhni 100 000 obyvatel.,Megacity,"Reach 100,000 residents.",Megastadt,Erreiche 100 000 Bewohner.,Megamiasto,Osiągnij 100 000 mieszkańców.,Megaciudad,Alcanza 100 000 habitantes.
ACH_DISTRICT,Čtvrť,Postav 50 budov.,District,Build 50 buildings.,Viertel,Bau 50 Gebäude.,Dzielnica,Postaw 50 budynków.,Barrio,Levanta 50 edificios.
ACH_SPRAWL,Aglomerace,Postav 250 budov.,Sprawl,Build 250 buildings.,Ausufernd,Bau 250 Gebäude.,Rozlewisko,Postaw 250 budynków.,Extensión,Levanta 250 edificios.
ACH_WEEK_ONE,První týden,Doveď civilizaci do 7. dne.,Week one,Reach day 7.,Erste Woche,Erreiche Tag 7.,Pierwszy tydzień,Dojdź do 7. dnia.,Primera semana,Llega al día 7.
ACH_MONTH_IN,Zabydleno,Doveď civilizaci do 30. dne.,Settled in,Reach day 30.,Eingelebt,Erreiche Tag 30.,Zadomowiony,Dojdź do 30. dnia.,Ya instalado,Llega al día 30.
ACH_WELL_STOCKED,Plné sklady,Měj v zásobě 1000 prken.,Well stocked,"Hold 1,000 planks in storage.",Gut bevorratet,Halte 1 000 Bretter im Lager.,Dobrze zaopatrzony,Miej 1000 desek w magazynie.,Bien surtido,Ten 1000 tablones en el almacén.
ACH_IRON_RESERVE,Železná rezerva,Měj v zásobě 500 železa.,Iron reserve,Hold 500 iron in storage.,Eisenvorrat,Halte 500 Eisen im Lager.,Zapas żelaza,Miej 500 żelaza w magazynie.,Reserva de hierro,Ten 500 de hierro en el almacén.
ACH_SILICON_VALLEY,Křemíkové údolí,Postav tři továrny na elektroniku.,Silicon valley,Build three electronics fabs.,Silicon Valley,Bau drei Elektronikfabriken.,Dolina krzemowa,Zbuduj trzy fabryki elektroniki.,Valle del silicio,Construye tres fábricas de electrónica.
ACH_POWER_GRID,Rozvodná síť,Postav dvě uhelné elektrárny.,Power grid,Build two coal power plants.,Stromnetz,Bau zwei Kohlekraftwerke.,Sieć energetyczna,Zbuduj dwie elektrownie węglowe.,Red eléctrica,Construye dos centrales de carbón.
ACH_GREEN_POWER,Čistá energie,Postav pět solárních polí.,Clean energy,Build five solar arrays.,Saubere Energie,Bau fünf Solarfelder.,Czysta energia,Zbuduj pięć farm słonecznych.,Energía limpia,Construye cinco campos solares.
ACH_SEAFARER,Mořeplavec,Postav přístav.,Seafarer,Build a harbor.,Seefahrer,Bau einen Hafen.,Żeglarz,Zbuduj port.,Marino,Construye un puerto.
ACH_DEEP_SEA,Dálná plavba,Postav hlubokomořský přístav.,Blue water,Build a deep-sea port.,Blaues Wasser,Bau einen Tiefseehafen.,Błękitna woda,Zbuduj port głębokowodny.,Aguas azules,Construye un puerto de aguas profundas.
ACH_AVIATOR,Letec,Postav letiště.,Aviator,Build an airfield.,Flieger,Bau ein Flugfeld.,Lotnik,Zbuduj lotnisko polowe.,Aviador,Construye un aeródromo.
ACH_SPACEFARER,Kosmonaut,Postav kosmodrom.,Spacefarer,Build a spaceport.,Raumfahrer,Bau einen Raumhafen.,Kosmonauta,Zbuduj kosmodrom.,Viajero espacial,Construye un puerto espacial.
ACH_SKYLINE,Panorama,Postav deset výškových budov.,Skyline,Build ten high-rises.,Skyline,Bau zehn Hochhäuser.,Panorama,Zbuduj dziesięć wieżowców.,Perfil urbano,Construye diez rascacielos.
ACH_ARCOLOGIST,Arkolog,Postav arkologii.,Arcologist,Build an arcology.,Arkologe,Bau eine Arkologie.,Arkolog,Zbuduj arkologię.,Arcólogo,Construye una arcología.
ACH_MEGASTRUCTURE,Megastavba,Postav Věž megapole.,Megastructure,Build the Megacity Spire.,Megabau,Bau den Megastadt-Turm.,Megastruktura,Zbuduj iglicę megamiasta.,Megaestructura,Construye la aguja de la megaciudad.
ACH_WORLD_BUILDER,Stavitel světů,Postav Světovou výheň.,World builder,Build the World Forge.,Weltenbauer,Bau die Weltenschmiede.,Budowniczy świata,Zbuduj kuźnię świata.,Constructor de mundos,Construye la forja del mundo.
ACH_ORBITAL,Orbitální,Postav Orbitální prstenec.,Orbital,Build the Orbital Ring.,Orbital,Bau den Orbitalring.,Orbitalny,Zbuduj pierścień orbitalny.,Orbital,Construye el anillo orbital.
ACH_GOVERNOR_HIRED,Najatý guvernér,Vyzkoumej městskou správu.,Governor hired,Research municipal administration.,Statthalter eingesetzt,Erforsche die Stadtverwaltung.,Zarządca zatrudniony,Zbadaj administrację miejską.,Gobernador contratado,Investiga la administración municipal.
ACH_NAVIGATOR,Navigátor,Vyzkoumej kartografii.,Navigator,Research cartography.,Navigator,Erforsche die Kartografie.,Nawigator,Zbadaj kartografię.,Navegante,Investiga la cartografía.
ACH_ENGINEER,Inženýr,Vyzkoumej výrobní linku.,Engineer,Research the assembly line.,Ingenieur,Erforsche das Fließband.,Inżynier,Zbadaj linię montażową.,Ingeniero,Investiga la cadena de montaje.
ACH_NETWORKED,Propojeno,Vyzkoumej sítě.,Networked,Research networks.,Vernetzt,Erforsche die Netzwerke.,Podłączony,Zbadaj sieci.,Conectado,Investiga las redes.
ACH_ROBOTICIST,Robotik,Vyzkoumej robotiku.,Roboticist,Research robotics.,Robotiker,Erforsche die Robotik.,Robotyk,Zbadaj robotykę.,Especialista en robótica,Investiga la robótica.
ACH_IMMORTAL,Nesmrtelnost,Vyzkoumej dlouhověkost.,Immortal,Research longevity.,Unsterblich,Erforsche die Langlebigkeit.,Nieśmiertelny,Zbadaj długowieczność.,Inmortal,Investiga la longevidad.
ACH_PLANETARY,Planetární,Vzestup po čtvrté.,Planetary,Ascend a fourth time.,Planetar,Steig ein viertes Mal auf.,Planetarny,Wznieś się po raz czwarty.,Planetario,Asciende por cuarta vez.
ACH_ETERNAL,Věčná civilizace,Vzestup po šesté.,Eternal civilization,Ascend a sixth time.,Ewige Zivilisation,Steig ein sechstes Mal auf.,Wieczna cywilizacja,Wznieś się po raz szósty.,Civilización eterna,Asciende por sexta vez.
ACH_HOARDER_WOOD,Zásoba dřeva,Měj v zásobě 500 dřeva.,Woodpile,Hold 500 wood in storage.,Holzstapel,Halte 500 Holz im Lager.,Sterta drewna,Miej 500 drewna w magazynie.,Pila de leña,Ten 500 de madera en el almacén.
ACH_HOARDER_STONE,Zásoba kamene,Měj v zásobě 500 kamene.,Stone reserve,Hold 500 stone in storage.,Steinvorrat,Halte 500 Stein im Lager.,Zapas kamienia,Miej 500 kamienia w magazynie.,Reserva de piedra,Ten 500 de piedra en el almacén.
ACH_HOARDER_FOOD,Sýpky plné,Měj v zásobě 500 jídla.,Full granaries,Hold 500 food in storage.,Volle Speicher,Halte 500 Nahrung im Lager.,Pełne spichlerze,Miej 500 jedzenia w magazynie.,Graneros llenos,Ten 500 de comida en el almacén.
ACH_HOARDER_TOOLS,Plná dílna,Měj v zásobě 250 nástrojů.,Well equipped,Hold 250 tools in storage.,Gut ausgerüstet,Halte 250 Werkzeuge im Lager.,Dobrze wyposażony,Miej 250 narzędzi w magazynie.,Bien equipado,Ten 250 herramientas en el almacén.
ACH_WOODCUTTER_2,Pán lesů,Nasbírej 10 000 dřeva vlastníma rukama.,Lord of the forest,"Harvest 10,000 wood by hand.",Herr des Waldes,Ernte 10 000 Holz von Hand.,Władca lasu,Zbierz ręcznie 10 000 drewna.,Señor del bosque,Recoge 10 000 de madera a mano.
ACH_QUARRYMAN_2,Pán skal,Nasbírej 5 000 kamene vlastníma rukama.,Lord of the rock,"Harvest 5,000 stone by hand.",Herr des Gesteins,Ernte 5 000 Stein von Hand.,Władca skały,Zbierz ręcznie 5000 kamienia.,Señor de la roca,Recoge 5000 de piedra a mano.
ACH_BUILDER_2,Stavitel tisíce,Postav 1 000 budov.,Thousand builder,"Build 1,000 buildings.",Erbauer von tausend,Bau 1 000 Gebäude.,Budowniczy tysiąca,Postaw 1000 budynków.,Constructor de mil,Levanta 1000 edificios.
ACH_POPULATION_2,Milion,Dosáhni milionu obyvatel.,One million,Reach a million residents.,Eine Million,Erreiche eine Million Bewohner.,Milion,Osiągnij milion mieszkańców.,Un millón,Alcanza un millón de habitantes.
ACH_GARDENER_2,Prales,Zasaď tisíc stromů.,Old growth,Plant a thousand trees.,Urwald,Pflanze tausend Bäume.,Puszcza,Zasadź tysiąc drzew.,Bosque viejo,Planta mil árboles.
ACH_FIRST_STEPS,První krok,Postav svou první budovu.,First steps,Place your first building.,Erste Schritte,Setz dein erstes Gebäude.,Pierwsze kroki,Postaw pierwszy budynek.,Primeros pasos,Coloca tu primer edificio.
ACH_FIRST_HARVEST,První úlovek,Nasbírej první dřevo.,First harvest,Gather your first wood.,Erste Ernte,Sammle dein erstes Holz.,Pierwszy zbiór,Zbierz pierwsze drewno.,Primera cosecha,Recoge tu primera madera.
ACH_FIRST_RESEARCH,První objev,Vyzkoumej svou první technologii.,First discovery,Research your first technology.,Erste Entdeckung,Erforsche deine erste Technologie.,Pierwsze odkrycie,Zbadaj pierwszą technologię.,Primer descubrimiento,Investiga tu primera tecnología.
ACH_LANDSCAPER,Zahradní architekt,Přetvoř svou první dlaždici krajiny.,Landscaper,Reshape your first tile of land.,Landschaftsgärtner,Form dein erstes Stück Land um.,Kształtujący teren,Przekształć pierwsze pole terenu.,Paisajista,Remodela tu primera casilla de terreno.
ACH_LANDSCAPER_2,Krajinář,Přetvoř 50 dlaždic krajiny.,Land shaper,Reshape 50 tiles of land.,Landformer,Form 50 Felder Land um.,Rzeźbiarz krajobrazu,Przekształć 50 pól terenu.,Escultor del terreno,Remodela 50 casillas de terreno.
ACH_WORLDSHAPER,Tvůrce světa,Přetvoř 500 dlaždic krajiny.,Worldshaper,Reshape 500 tiles of land.,Weltenformer,Form 500 Felder Land um.,Kształtujący świat,Przekształć 500 pól terenu.,Modelador del mundo,Remodela 500 casillas de terreno.
ACH_FIRST_MERGE,Ze dvou jedno,Sluč blok 2×2 v jednu větší budovu.,Two Into One,Merge a 2x2 block into a single larger building.,Zwei werden eins,Verschmilz einen 2x2-Block zu einem größeren Gebäude.,Dwa w jedno,Scal blok 2x2 w jeden większy budynek.,Dos en uno,Fusiona un bloque de 2x2 en un edificio mayor.
ACH_MERGER,Blok po bloku,Sluč deset bloků.,Block by Block,Merge ten blocks.,Block für Block,Verschmilz zehn Blöcke.,Blok po bloku,Scal dziesięć bloków.,Bloque a bloque,Fusiona diez bloques.
ACH_MERGER_2,Přestavba,Sluč padesát bloků.,Redeveloper,Merge fifty blocks.,Stadterneuerer,Verschmilz fünfzig Blöcke.,Przebudowujący,Scal pięćdziesiąt bloków.,Remodelador,Fusiona cincuenta bloques.
ACH_CITY_SHAPER,Tvůrce města,Sluč dvě stě bloků.,City Shaper,Merge two hundred blocks.,Stadtformer,Verschmilz zweihundert Blöcke.,Twórca miasta,Scal dwieście bloków.,Modelador de ciudades,Fusiona doscientos bloques.
ACH_MONUMENTAL,Odlito v bronzu,Vztyč velkou sochu.,Cast in Bronze,Raise a great statue.,In Bronze gegossen,Errichte eine große Statue.,Odlany w brązie,Postaw wielki posąg.,Fundido en bronce,Levanta una gran estatua.
ACH_CATHEDRAL_BUILT,Práce na generace,Dostav katedrálu.,Generations of Work,Finish a cathedral.,Arbeit von Generationen,Stell eine Kathedrale fertig.,Praca pokoleń,Ukończ katedrę.,Trabajo de generaciones,Termina una catedral.
ACH_STARGAZER,Pozorovatel hvězd,Postav hvězdárnu.,Stargazer,Build an observatory.,Sterngucker,Bau eine Sternwarte.,Gwiaździarz,Zbuduj obserwatorium.,Observador de estrellas,Construye un observatorio.
ACH_GREEN_CITY,Prostor k nadechnutí,Měj deset parků.,Room to Breathe,Have ten parks.,Platz zum Atmen,Halte zehn Parks.,"Miejsce, żeby odetchnąć",Miej dziesięć parków.,Sitio para respirar,Ten diez parques.
ACH_GARDENER_CITY,Pod sklem,Měj tři botanické zahrady.,Under Glass,Have three botanical gardens.,Unter Glas,Halte drei botanische Gärten.,Pod szkłem,Miej trzy ogrody botaniczne.,Bajo cristal,Ten tres jardines botánicos.
ACH_FIRST_WONDER,Základní kámen,Dostav svůj první div světa,Cornerstone,Complete your first wonder,Grundstein,Vollende dein erstes Wunder,Kamień węgielny,Ukończ pierwszy cud,Piedra angular,Completa tu primera maravilla
ACH_WONDER_AGE,Věk divů,Dostav pět divů světa,Age of Wonders,Complete five wonders,Zeitalter der Wunder,Vollende fünf Wunder,Epoka cudów,Ukończ pięć cudów,Era de las maravillas,Completa cinco maravillas
ACH_FIRST_PRAYER,První prosba,Prones modlitbu.,First Plea,Say a prayer.,Erste Bitte,Sprich ein Gebet.,Pierwsza prośba,Wypowiedz modlitwę.,Primera súplica,Reza una plegaria.
ACH_DEVOUT,Zbožný,Prones padesát modliteb.,Devout,Say fifty prayers.,Fromm,Sprich fünfzig Gebete.,Pobożny,Wypowiedz pięćdziesiąt modlitw.,Devoto,Reza cincuenta plegarias.
ACH_SHRINE_BUILDER,Stavitel svatyní,Postav pět svatyní.,Shrine Builder,Build five shrines.,Schreinbauer,Bau fünf Schreine.,Budowniczy kapliczek,Zbuduj pięć kapliczek.,Constructor de santuarios,Construye cinco santuarios.
ACH_CATHEDRAL_OF_FAITH,Tři kláštery,Postav tři kláštery.,Three Monasteries,Build three monasteries.,Drei Klöster,Bau drei Klöster.,Trzy klasztory,Zbuduj trzy klasztory.,Tres monasterios,Construye tres monasterios.
ACH_FIRST_NEIGHBOUR,Jedna říše,Přiveď cizí město do své říše.,One Realm,Bring a foreign city into your realm.,Ein Reich,Hol eine fremde Stadt in dein Reich.,Jedno państwo,Wprowadź obce miasto do swojego państwa.,Un reino,Trae una ciudad extranjera a tu reino.
ACH_EMPIRE_OF_FIVE,Pět měst,Měj v říši pět cizích měst.,Five Cities,Have five foreign cities in your realm.,Fünf Städte,Hab fünf fremde Städte in deinem Reich.,Pięć miast,Miej w państwie pięć obcych miast.,Cinco ciudades,Ten cinco ciudades extranjeras en tu reino.
ACH_CARTOGRAPHER_FOG,Kreslíř map,Odhal dvě stě kusů světa.,Mapmaker,Uncover two hundred stretches of the world.,Kartenzeichner,Hol zweihundert Stücke Welt aus dem Nebel.,Rysownik map,Odsłoń dwieście kawałków świata.,Trazador de mapas,Descubre doscientos trozos de mundo.
ACH_WORLD_WALKER,Poutník,Odhal dva tisíce kusů světa.,World Walker,Uncover two thousand stretches of the world.,Weltenwanderer,Hol zweitausend Stücke Welt aus dem Nebel.,Wędrowiec,Odsłoń dwa tysiące kawałków świata.,Caminante del mundo,Descubre dos mil trozos de mundo.
ACH_FIRST_SCHOLAR,První učenec,Postav knihovnu.,First Scholar,Build a library.,Erster Gelehrter,Bau eine Bibliothek.,Pierwszy uczony,Zbuduj bibliotekę.,Primer erudito,Construye una biblioteca.
ACH_UNIVERSITY_TOWN,Univerzitní město,Postav tři univerzity.,University Town,Build three universities.,Universitätsstadt,Bau drei Universitäten.,Miasto uniwersyteckie,Zbuduj trzy uniwersytety.,Ciudad universitaria,Construye tres universidades.
ACH_SCIENCE_HOARD,Tisíc poznatků,Měj ve skladu 1 000 vědy.,A Thousand Findings,"Hold 1,000 science in storage.",Tausend Erkenntnisse,Halte 1 000 Wissenschaft im Lager.,Tysiąc odkryć,Miej 1000 nauki w magazynie.,Mil hallazgos,Ten 1000 de ciencia en el almacén.
ACH_FAITH_HOARD,Plná pokladnice víry,Měj ve skladu 500 víry.,A Full Treasury of Faith,Hold 500 faith in storage.,Volle Schatzkammer des Glaubens,Halte 500 Glauben im Lager.,Pełny skarbiec wiary,Miej 500 wiary w magazynie.,Un tesoro de fe,Ten 500 de fe en el almacén.
ACH_SCOUT,Zvěd,Odhal 800 dlaždic mapy.,Scout,Reveal 800 map tiles.,Kundschafter,Decke 800 Kartenfelder auf.,Zwiadowca,Odkryj 800 pól mapy.,Explorador,Revela 800 casillas del mapa.
ACH_SURVEYOR,Zeměměřič,Odhal 5 000 dlaždic mapy.,Surveyor,"Reveal 5,000 map tiles.",Landvermesser,Decke 5.000 Kartenfelder auf.,Geodeta,Odkryj 5000 pól mapy.,Agrimensor,Revela 5000 casillas del mapa.
ACH_HORIZON_CHASER,Za obzorem,Odhal 15 000 dlaždic mapy.,Horizon Chaser,"Reveal 15,000 map tiles.",Horizontjäger,Decke 15.000 Kartenfelder auf.,Łowca horyzontu,Odkryj 15 000 pól mapy.,Tras el horizonte,Revela 15 000 casillas del mapa.
ACH_ATLAS_MAKER,Tvůrce atlasu,Odhal 40 000 dlaždic mapy.,Atlas Maker,"Reveal 40,000 map tiles.",Atlasmacher,Decke 40.000 Kartenfelder auf.,Twórca atlasu,Odkryj 40 000 pól mapy.,Creador de atlas,Revela 40 000 casillas del mapa.
ACH_GOOD_NEIGHBOUR,Dobrý soused,Přiber ke své říši druhé cizí město.,Good Neighbour,Bring a second foreign city into your realm.,Guter Nachbar,Nimm eine zweite fremde Stadt auf.,Dobry sąsiad,Przyłącz drugie obce miasto.,Buen vecino,Incorpora una segunda ciudad extranjera.
ACH_FEDERATION,Federace,Přiber ke své říši 10 cizích měst.,Federation,Bring 10 foreign cities into your realm.,Föderation,Nimm 10 fremde Städte auf.,Federacja,Przyłącz 10 obcych miast.,Federación,Incorpora 10 ciudades extranjeras.
ACH_CONFEDERACY,Konfederace,Přiber ke své říši 20 cizích měst.,Confederacy,Bring 20 foreign cities into your realm.,Konföderation,Nimm 20 fremde Städte auf.,Konfederacja,Przyłącz 20 obcych miast.,Confederación,Incorpora 20 ciudades extranjeras.
ACH_ALL_ROADS,Všechny cesty vedou k tobě,Přiber ke své říši 35 cizích měst.,All Roads Lead Here,Bring 35 foreign cities into your realm.,Alle Wege führen hierher,Nimm 35 fremde Städte auf.,Wszystkie drogi prowadzą tu,Przyłącz 35 obcych miast.,Todos los caminos llevan aquí,Incorpora 35 ciudades extranjeras.
